<manifest xmlns:android="http://schemas.android.com/apk/res/android" android:versionCode="11" android:versionName="1.0" package="com.jb.gokeyboard.theme.simple.getjar" platformBuildVersionCode="19" platformBuildVersionName="4.4-892118">
  <application android:label="@7F090029" android:icon="@7F020030">
    <activity android:name="com.jd.gokeyboard.theme.main.MainActivity" android:screenOrientation="1" android:windowSoftInputMode="0x00000020">
      <intent-filter>
        <action android:name="android.intent.action.MAIN"/>
        <category android:name="android.intent.category.LAUNCHER"/>
      </intent-filter>
    </activity>
    <activity android:theme="@7F0B0000" android:name="com.android.vending.InAppActivity">
      <intent-filter>
        <action android:name="com.jb.gokeyboard.theme.simple.getjar.billing"/>
        <category android:name="android.intent.category.DEFAULT"/>
      </intent-filter>
    </activity>
    <receiver android:name="com.getjar.sdk.data.metadata.PackageMonitor" android:enabled="true" android:exported="true">
      <intent-filter>
        <action android:name="android.intent.action.PACKAGE_ADDED"/>
        <action android:name="android.intent.action.PACKAGE_REMOVED"/>
        <data android:scheme="package"/>
      </intent-filter>
    </receiver>
    <activity android:name="com.getjar.sdk.rewards.GetJarWebViewActivity" android:configChanges="0x000000B0"/>
    <activity android:name="com.google.ads.AdActivity" android:configChanges="0x00000FB0"/>
    <service android:name="com.google.analytics.tracking.android.CampaignTrackingService"/>
    <receiver android:name="com.google.analytics.tracking.android.CampaignTrackingReceiver" android:exported="true">
      <intent-filter>
        <action android:name="com.android.vending.INSTALL_REFERRER"/>
      </intent-filter>
    </receiver>
  </application>
  <uses-permission android:name="android.permission.GET_TASKS"/>
  <uses-permission android:name="android.permission.INTERNET"/>
  <uses-permission android:name="android.permission.ACCESS_NETWORK_STATE"/>
  <uses-permission android:name="android.permission.WRITE_EXTERNAL_STORAGE"/>
  <uses-sdk android:minSdkVersion="5"/>
</manifest>
